2,Benders,Benders + warm start,
tsp_instance1,10.283541,10.937447,
tsp_instance2,6.825994,8.392041,
tsp_instance3,24.063703,23.989861,
tsp_instance4,11.710040,11.481793,
tsp_instance5,12.686038,11.465534,
tsp_instance6,8.961824,8.476416,
tsp_instance7,23.300930,25.908177,
tsp_instance8,8.526310,9.091773,
tsp_instance9,6.983359,6.885356,
tsp_instance10,7.756035,8.406350,
